<?xml version="1.0" encoding="UTF-8"?>
<project-private xmlns="http://www.netbeans.org/ns/project-private/1">
    <editor-bookmarks xmlns="http://www.netbeans.org/ns/editor-bookmarks/2" lastBookmarkId="0"/>
    <open-files xmlns="http://www.netbeans.org/ns/projectui-open-files/2">
        <group>
            <file>file:/C:/Users/win7/Documents/NetBeansProjects/ParkingLot/web/Js/myjs.js</file>
            <file>file:/C:/Users/win7/Documents/NetBeansProjects/ParkingLot/web/index.html</file>
            <file>file:/C:/Users/win7/Documents/NetBeansProjects/ParkingLot/web/Css/mycss.css</file>
        </group>
    </open-files>
</project-private>
